ID,Name,Author ID,Author Name,Thumbnail
wrld_fd246453-c1f9-418f-a007-a31b2762d330,Gaming Hideout,usr_70356563-9690-406a-885d-aba7a4ea4e52,ohmiwa,https://api.vrchat.cloud/api/1/image/file_fd06ddc6-0750-4497-bfda-cb848fa39935/1/256
wrld_0218a13c-e65f-4cf4-8cf7-0598c9f4e81d,ボドゲポータル,usr_dffa5611-d084-4cb3-bb03-af1eeee6475e,瀬名川観測所⁄senagawa,https://api.vrchat.cloud/api/1/image/file_ac577e42-aeda-4fed-af90-a5d8c604f12b/4/256
wrld_d462b114-27a4-42a1-8fb4-5d868f307b3b,花ノ島 - Island of Flora -,usr_52658059-8b08-4379-aab4-ef078a4e6226,tiwa,https://api.vrchat.cloud/api/1/image/file_d0159a6b-bc25-46f3-b36c-65d503e6e464/3/256
wrld_36663de3-a81e-48b9-9f04-6173ddfeb234,プロセカ 25xVBS MMD WORLD,usr_a56dde02-dff4-44cc-9f66-58a2d1fefd29,朝比奈まふゆ․,https://api.vrchat.cloud/api/1/image/file_f4509b4f-500b-4c2b-b09a-29858ccf7946/8/256
wrld_cce304b8-78e2-4fa5-adb1-373aa96feae4,プロセカ ProjectSekai MMD LN x VS,usr_33145c30-416a-4788-adbc-fdbf84f445e4,Hakobune67,https://api.vrchat.cloud/api/1/image/file_7ef795a3-a292-4fc9-8cf4-08562c5c728e/7/256
wrld_13f15851-5366-4365-aca9-6f134b263cff,Yayoi summer rust,usr_ccfa5834-3930-488c-aa6d-4f3ec112c708,猫屋敷やよい,https://api.vrchat.cloud/api/1/image/file_0e9c7d99-7ccb-4ef0-ba12-c50f2f9d5029/2/256
wrld_b5ed19cb-cf04-481c-833a-9833138ff668,VR宇宙博物館 コスモリア Cosmoria[EN / JP / KR],usr_0693607b-5305-4540-93dd-60fd726d800a,vsp_vrc,https://api.vrchat.cloud/api/1/image/file_5bfcdfe1-3686-4729-b2a9-53c319384589/1/256
wrld_2c287aa5-d403-4b21-ad3e-381de27c4cd3,Whale of Light and Crystal Lake,usr_d6e721e4-963f-41bc-8fcc-0b2027204c27,guntamix,https://api.vrchat.cloud/api/1/image/file_10eb5c45-b964-4b81-b2ca-8b7e76b8c43f/6/256
wrld_0f748b2c-d455-448e-9c50-0bf2e9d65611,Disneys HEA Fireworks,usr_4e2f4146-32cc-4a36-8dea-a07889619434,GuusDeKroon,https://api.vrchat.cloud/api/1/image/file_6ffd3f6a-ba00-41bd-933d-9809c3b474c6/11/256
wrld_f7a383bc-c925-4696-85c2-2996c0a40112,Deep Blue,usr_a8872176-3cd9-48e3-a402-46f1e15092a3,Fins,https://api.vrchat.cloud/api/1/image/file_68759b34-ebcf-4745-a9d4-81f1e34ebffe/4/256
wrld_42020dd9-815a-4f94-b763-e1987a9e2d11,機械学習系動画を見るワールド,usr_943f57b2-b134-4ac7-80c0-88894f96c38c,myu65,https://api.vrchat.cloud/api/1/image/file_061bea6f-1df7-4d39-ab8f-ddbab08c25aa/2/256
wrld_a82f84f4-4ced-4405-a9f2-facdc27b93ab,Rose Port -湖畔の温室-,usr_1499007d-a1fb-4c85-af0c-3fdc03e178e7,あーるまーる,https://api.vrchat.cloud/api/1/image/file_e483ab3d-f967-4273-9af3-850f1e0e9b26/3/256
wrld_c1824301-1b7a-4a6d-ae69-de48c1bae974,Kyoto Kiyomizu-dera Sando,usr_240cd891-1893-4fda-a499-cef1887b3909,龍 lilea,https://api.vrchat.cloud/api/1/image/file_78a2f5be-d578-411e-86f8-22006b00cdc2/8/256
wrld_3d7fb5a3-5d59-406e-b68d-9cde19a9a04e,Yonsen,usr_a53fa654-b8c8-4168-91ab-f9db519dda86,Yan-K,https://api.vrchat.cloud/api/1/image/file_e81ee70a-6d4b-42ba-945b-fb5834d95abf/1/256
wrld_cf546db9-6228-435b-93ec-419b2f8554e6,灯台映画館,usr_156d4b53-37ea-421e-892c-0b53ff90bc80,半夜の子狐,https://api.vrchat.cloud/api/1/image/file_cf01fae2-538a-4084-bdd2-370e6eaab2a7/3/256
wrld_ec744f53-96c2-4aef-a5b6-391d8c9d5cf3,夏空の休息地 -Summer Bluesky Rest-,usr_6a1ac5f1-0511-4e2a-a7e1-895a065b7349,Leiria_vrc,https://api.vrchat.cloud/api/1/image/file_c0ac845d-0043-43c0-a522-b19e4f21f408/4/256
wrld_13d3626f-cad1-45d1-abed-e14f972f749e,Vietnam: Ha Long Bay?,usr_a969199f-115a-4d53-8c72-60440c16d145,Bananam,https://api.vrchat.cloud/api/1/image/file_9044f856-e0ef-4cfb-8549-913aca4cf9e6/6/256
wrld_e8885b07-44ec-4acc-b096-a17e5c7cd0e6,Venice Canal Widmann,usr_b6bd4561-b63e-4fb0-a597-ad422e0e6d49,nobelchoco,https://api.vrchat.cloud/api/1/image/file_74a51c11-6881-444e-aa39-78314ede9b49/1/256
wrld_00e488f3-bc34-4d03-afac-e154a7ecf858,Venice Basilica Salute,usr_b6bd4561-b63e-4fb0-a597-ad422e0e6d49,nobelchoco,https://api.vrchat.cloud/api/1/image/file_0bec85c9-a41a-4155-9ca0-471b59afe02e/1/256
wrld_01217b8c-5852-4dd3-a464-5dc29d702fb9,The White House,usr_4ca98d4d-bbda-4e5d-8249-19ceb9d5cfc3,Gormundr,https://api.vrchat.cloud/api/1/image/file_0e55f713-eead-4df9-a03b-468aa304b442/1/256
wrld_b9aa8349-ca52-407e-9033-22a3474ba9d3,Rocky Mountain Park,usr_caefcb87-6855-4727-92d3-5fe14d22cae1,nprowler,https://api.vrchat.cloud/api/1/image/file_4af19bb2-c60c-4f0a-a6da-c5c07359118d/4/256
wrld_5dc6f891-e704-4460-acc6-c11b8ad613f9,ケセドのひな祭り-CHESED's HINAMATSURI-,usr_090f20e8-dd6f-49cc-b0f1-6bb647e68474,ケセドCHESED,https://api.vrchat.cloud/api/1/image/file_e074abc7-ee33-45f2-a6aa-b00ddde49321/1/256
wrld_75db953b-bf23-4eb0-a0ed-b96a19c1ddce,GensuiRoom,usr_38045b29-0e84-499d-b416-5942d0ceb602,Kento-Gensui,https://api.vrchat.cloud/api/1/image/file_11e8b30d-0fae-48df-a4ee-13d72b126f57/2/256
wrld_5ac52cab-bd81-4cb6-a37d-5bfc01def578,Lonely Night,usr_a69fcbe9-b5c4-4779-ab05-5f5a476a194b,HANI․,https://api.vrchat.cloud/api/1/image/file_b6150a3d-45fa-4c91-9028-b9a5989578bc/4/256
wrld_75b20b83-acb3-419f-9516-0eba1e42618c,[JP]Toothbrushing world～桔梗ちゃんと一緒に歯みがきをするワールド～,usr_bd97b6cd-e3ca-468e-8737-88d2a98a0a89,いとよ（ITOYO）,https://api.vrchat.cloud/api/1/image/file_7b293376-a0c4-47fb-bb84-086cded1737b/2/256
wrld_c4dbff44-b8e5-4363-aa29-e871d8ed1f48,のんびりごろごろねるーむ -Relaxing SleepRoom-,usr_c9018135-a011-4f46-ac5b-730471928a90,∗Charlotte∗,https://api.vrchat.cloud/api/1/image/file_b8c36f5b-598b-4dd1-a231-c1461f3081ff/8/256
wrld_685cef03-6e96-4548-8ba3-399101ed8ed4,青空に夢見る頃 / A Princesshood Dream,usr_bd0f49fd-9541-4e75-af16-deb04f7936f5,Rea_Itsuki,https://api.vrchat.cloud/api/1/image/file_a05276b8-50d4-459b-beda-d11123438e30/3/256
wrld_94d1bce9-7b9e-4c58-8277-0fe62b5770c2,Submerge,usr_a8872176-3cd9-48e3-a402-46f1e15092a3,Fins,https://api.vrchat.cloud/api/1/image/file_618f8c41-3cbc-447c-8d56-801bb0783e5c/3/256
wrld_37c10a9d-cd69-4a76-8447-b5c916ffaa22,Sushi Aquarium 淡水棟,usr_447f2129-d889-451d-84e5-6af402a0ad90,long-potato,https://api.vrchat.cloud/api/1/image/file_2499a487-ec46-49d0-af5b-3c2e2cddf06e/4/256
wrld_7bd98a63-2d0d-4ae3-b015-093b3bcc866f,VR_TRAVEL,usr_3a362bc1-0eb0-4c42-b6e9-c870b89a033c,NEKO旅,https://api.vrchat.cloud/api/1/image/file_550004b0-cbc2-4bcd-88a6-29f69aa3f0eb/11/256
wrld_cbc7e100-c554-4898-9f4e-06b4c2594fd1,色付く世界 UG_IRO,usr_45e0ab79-845b-4b79-8ac7-d2bde6018c52,＊Uguisu＊,https://api.vrchat.cloud/api/1/image/file_901b324b-a5aa-4e2f-8618-2690b9592d75/2/256
wrld_798c944b-03ff-4edb-854a-4d96da5dfa80,Sky Ocean Planet,usr_d154ec3b-7119-4777-ab96-e242e9036f44,ぴくせるpixel,https://api.vrchat.cloud/api/1/image/file_80f06c69-0de7-48c2-9eae-8a6db934fb3b/1/256
wrld_1f6f40fc-ec8d-4385-b267-1e67541573c4,Glass Houses,usr_59d69818-d5d3-49a2-8c4e-abe707f80829,helium_kun,https://api.vrchat.cloud/api/1/image/file_eb8dc96d-253c-40c2-83d3-e54902eb47cb/4/256
wrld_96460268-8c89-438f-b8f2-2ea2f1ed1ce7,The Avatar Studio | Avatown,usr_c4929634-1f22-48dc-975e-3a8e70255005,MetaCreatorsTYO,https://api.vrchat.cloud/api/1/image/file_330cfc1f-1439-4195-85ce-edc819e7c24f/1/256
wrld_afd2182f-7957-4660-8954-49c5fa096a16,懐郷の秋澄む夜 -NOSTALGIC AUTUMN NIGHT-,usr_05ee8a3c-67c8-4bb7-ac3d-2886e7f53ffe,Atto_あっと,https://api.vrchat.cloud/api/1/image/file_b9e1ff08-e887-462f-9531-5a16baca9300/4/256
wrld_f059e174-249c-4aa9-b1f2-3873ed9dfd89,Just Dance VRChat,usr_4ad5bc75-90a8-460c-8f33-2b41d162e3d9,Ikbenmathijs,https://api.vrchat.cloud/api/1/image/file_14da3335-0d7e-42e2-a94b-324a71cd72f1/11/256
wrld_3448f7e4-79a7-4115-a44c-e6221174969f,MEROOM 336号室,usr_a6859653-fb16-4c9b-b459-e23a0f26b880,MERU,https://api.vrchat.cloud/api/1/image/file_17175ac6-0801-4398-9514-55d810af3703/4/256
wrld_e7e04340-6437-45d2-ac78-f7c5d8178696,貴女へ至る還り路 ~The Way to Athena~,usr_2562380a-fb58-472f-b1c5-3a02d6a97aa7,filmelia,https://api.vrchat.cloud/api/1/image/file_8fb1f1ea-499e-4ba1-97af-c8c99ecd5cda/2/256
wrld_a7df7be9-447f-40e5-b29e-f356e3ec348e,Lichtenstein Castle,usr_adf90786-449e-4608-a614-15b8525282c2,Jett（ジェット）,https://api.vrchat.cloud/api/1/image/file_f3e43806-2323-4f26-b6b7-f3eb8484c8d1/3/256
wrld_42b0dd34-9548-476b-b0bb-0eb24ee06db3,Relix,usr_7b5d9e6e-8904-4a12-af13-b74d14f966ad,xpmmm,https://api.vrchat.cloud/api/1/image/file_ec5d8da0-51cb-4220-978e-90c891444772/2/256
wrld_2120ec29-10ba-4ef7-8912-52f1edc5199d,MMD K-POP,usr_67fec3a6-6174-4bad-a1e1-24d0e1c8d303,Aeriiie,https://api.vrchat.cloud/api/1/image/file_ac9094dd-4bcc-4544-9c9b-f560ab25dc44/8/256
wrld_b27598c8-372b-4024-a7ac-f0c0b868dc81,Ghosti chill world,usr_98222fa4-7faa-4571-ba99-41b0a9614572,_just a Ghost_-,https://api.vrchat.cloud/api/1/image/file_5557786d-d606-4320-bd13-071697cb83ba/1/256
wrld_04062fa9-771b-4f5d-97fd-b7988db4122f,湯けむりのコテージ,usr_79706bbf-818f-4f65-934a-11f5a0498283,Rasta（らすた）,https://api.vrchat.cloud/api/1/image/file_29da98e4-190e-4f62-a570-eb01041a3537/11/256
wrld_c153d777-17f0-4f2b-a9a8-ab5cb1e06ba6,Elated Pines,usr_154a037c-710d-4ce9-912e-014661e761d6,Sumeru,https://api.vrchat.cloud/api/1/image/file_8a42c433-09b2-42d6-bdb4-7f509e0df57e/16/256
wrld_3dfd4b3b-175f-438f-8d4d-ac553bea0dce,MR MMD World,usr_b3babc33-50db-4d6e-be38-20982b253b30,Missing_,https://api.vrchat.cloud/api/1/image/file_f7b60d80-98ef-4faa-a682-08a24d797faa/3/256
wrld_9b26bf9f-e0c9-4b46-9bc9-1f88e271d7e5,YH MMD WORLD,usr_e7cec8a8-2b16-44ab-a38d-585b35f094f2,yaohu,https://api.vrchat.cloud/api/1/image/file_8b024921-357d-4b1e-8c1d-712f3a93046b/9/256
wrld_f5f8b3dc-6f33-4b34-97f3-83add2fb224d,日本語話者向け集会場「FUJIYAMA」JP,usr_fc5d9dbb-f5fe-4a0f-8e0f-58bf52d8e3b4,JP_Fujiyama,https://api.vrchat.cloud/api/1/image/file_2f25345e-fe2f-41b7-8331-245f825ca782/8/256
wrld_175f8d7d-fd44-476a-8242-8aaef5ba5b33,Japan Talk Room 日本人向け談話室 [ JTR JP ],usr_0a50f98b-cc36-4ecc-8c33-62c65e6d11f6,やがて捨てられる補助輪,https://api.vrchat.cloud/api/1/image/file_1c06806c-ca40-4430-a3b9-50c1be6c6b82/10/256
wrld_9f13401c-d3f4-4624-a7a9-ca4581aa2c9c,SPOT*LIGHT [1on1 Talk WORLD(Quest)][LUWORLD],usr_7154f1fe-c440-4974-b8e3-dd098ea6dfc8,きつねのるぅ_VT,https://api.vrchat.cloud/api/1/image/file_ccef8a89-bca4-4cc9-a499-72085a73702b/3/256
wrld_6ae24d40-2fa8-4e6e-88df-c979a5db7653,星屑の原,usr_432d05bf-05ca-4685-9332-87fd7b054e63,しーの／T_Shiino,https://api.vrchat.cloud/api/1/image/file_32fb6206-9db2-4f2e-8e5c-db6a7c4276c9/3/256
wrld_1002795b-8657-4ac3-bdb0-7515bed967ce,青天霹靂,usr_432d05bf-05ca-4685-9332-87fd7b054e63,しーの／T_Shiino,https://api.vrchat.cloud/api/1/image/file_96c65134-9879-491d-b2fb-e42c7d69c082/3/256
wrld_936e0995-1821-4f5f-bde6-48cb880b2271,やもねこの倉庫,usr_13f9c545-5588-4b47-b1e8-464237acd820,やもねこ＠MeguruChem,https://api.vrchat.cloud/api/1/image/file_a43c9afc-9a76-4271-9287-5fe7866bdc6b/4/256
wrld_eeea44c0-4c22-47af-9a8b-e2a58459ea33,05:00AM,usr_747b65d5-d900-4a58-82f1-240ed26b85cb,knfoxl,https://api.vrchat.cloud/api/1/image/file_3705eff9-1663-4ca3-a77b-8aff3fc0c9d5/1/256
wrld_34773a8d-681b-47ca-b185-9a438d590e6c,ぶいぷりっ！,usr_c965484e-4fcf-4d5a-a37e-a328015e78c8,れぐふぉい,https://api.vrchat.cloud/api/1/image/file_e6be09bd-6718-4c4b-8ae4-f58acdc6033d/1/256
wrld_4b6b9c63-d169-437f-a427-1069ea9eb1d7,Nekles Arctic Island,usr_efa25543-e9c8-48f2-891c-ac98fb13ca93,nekles,https://api.vrchat.cloud/api/1/image/file_dd8f57c5-933d-461c-8ed7-684f7faa194b/1/256
wrld_34331009-a514-46bb-b264-9ba0f0d18276,Charlotte's Snowdrop Island,usr_d364cf3d-3e6b-4d51-adfd-9d66ce5bd6fa,Charlotte（シャル）,https://api.vrchat.cloud/api/1/image/file_4aae107f-feb6-48ec-bbc4-02f6e6039ec1/2/256
wrld_4f0261c4-57ad-48f1-a792-630ca342fbda,OSPhotoStudio,usr_c696074f-82e9-4dd3-833c-cd35c8537739,OtogiSiori,https://api.vrchat.cloud/api/1/image/file_d5a675d1-c51e-4f35-9774-50ac99f3e902/6/256
wrld_972f24e5-99c7-4517-9dc0-a36ba5adfcd7,NPC Cat toy - ねこじゃらし遊び,usr_c505b227-b0f3-4753-a45d-1584c55c90f8,kazmac,https://api.vrchat.cloud/api/1/image/file_33bdba6c-0bf7-4695-95f8-f22e9b4d9fb5/5/256
wrld_d1599671-5ea1-4684-a171-9736401a90c9,Everything's Alright,usr_87584320-51af-43c8-9354-d0f2fac99678,Livb,https://api.vrchat.cloud/api/1/image/file_c74a3a7b-77d5-407e-85de-499c04bcf2bd/4/256
wrld_ebc49645-0afb-4589-afeb-c00020fa51d6,『봄도둑』 벚꽃 촬영장 wwg,usr_de2b724c-e950-4406-b961-dac2436cbdcf,클로버_,https://api.vrchat.cloud/api/1/image/file_37c5cee4-cfa6-4dc7-bb08-d18ee19f668d/3/256
wrld_8ba117cb-af98-42db-b5d7-281292a83274,星降る駅-銀河鉄道2 Charlotte's Warp Station,usr_d364cf3d-3e6b-4d51-adfd-9d66ce5bd6fa,Charlotte（シャル）,https://api.vrchat.cloud/api/1/image/file_23314bec-c8eb-4ca7-9776-33b516a80890/3/256
wrld_c4d572ac-7f36-4ff7-b0e0-0dc8efdab88d,独夜ノクターン -Nocturne in Lonely Night-,usr_05ee8a3c-67c8-4bb7-ac3d-2886e7f53ffe,Atto_あっと,https://api.vrchat.cloud/api/1/image/file_ef1dfb7a-6750-409c-b907-ad5d59333677/2/256
wrld_898dc6a2-ea78-49e0-ae2b-7a934627ae61,桜花源 -Cherry Blossom Spring-,usr_93cace7c-c349-4f2b-923a-4a1de20b37e1,Awai,https://api.vrchat.cloud/api/1/image/file_2c069d28-6884-4475-bc4e-bf3e3ad6335a/3/256
wrld_1ea53687-e6ec-4a36-883b-b6e6774655a0,ZAPZAPBATH,usr_fae735f6-136a-4187-ab02-2b099fd1e363,Rsea_るしぃ,https://api.vrchat.cloud/api/1/image/file_b6518414-430a-4331-b3b0-774c7084f913/3/256
wrld_93579722-5188-4521-acbc-3ae26ff4ed16,夏の夕涼み Charlotte's Sunflower House,usr_d364cf3d-3e6b-4d51-adfd-9d66ce5bd6fa,Charlotte（シャル）,https://api.vrchat.cloud/api/1/image/file_d382b262-967d-49bb-be22-0cc38e535e01/4/256
wrld_27e0fcad-8b21-4242-a87a-49d1ad154c58,ケセドの温泉宿-CHESED's JAPANESE HOT SPRING INN-,usr_090f20e8-dd6f-49cc-b0f1-6bb647e68474,ケセドCHESED,https://api.vrchat.cloud/api/1/image/file_d4d3e15f-dba9-4791-9fa9-54ebd1ca7f1d/3/256
wrld_b44964d5-9f41-4719-bb0d-685f438d9d99,オモイデに沈む前に -Before It Sinks in Memories-,usr_05ee8a3c-67c8-4bb7-ac3d-2886e7f53ffe,Atto_あっと,https://api.vrchat.cloud/api/1/image/file_cdc2bac7-d5ba-429a-8b8b-e1c0acb6fc9d/3/256
wrld_11ed7958-8c24-465a-b935-01cadb5bcf05,BOOTH Avatar Cafe,usr_6b806956-d3fa-417f-b41b-f3249675513e,pixiv Inc․,https://api.vrchat.cloud/api/1/image/file_93444c78-0ba4-4f98-a748-5302746bbd76/5/256
wrld_33680195-925f-4651-bb3b-4a30f986fba5,The Healing Blossom,usr_a69fcbe9-b5c4-4779-ab05-5f5a476a194b,HANI․,https://api.vrchat.cloud/api/1/image/file_54cdecd0-2339-413a-b743-2c5c51ca2153/5/256
wrld_e009ce29-ac77-460d-b477-1dfee5535aa2,HANAMI River,usr_d4341620-5742-4b2d-92bb-8ffcc4312de7,Nekoro,https://api.vrchat.cloud/api/1/image/file_438d5c00-4ad0-4f1d-817c-211cb551c402/1/256
wrld_ea1dc82e-722c-483a-bcaa-a93c6208efe6,Golden Night,usr_6760b1a7-ab98-4a28-b6b7-c2b71ac313f4,もちもちも,https://api.vrchat.cloud/api/1/image/file_48703860-a36a-4ef4-b718-323948b79913/5/256
wrld_cacfe6b1-b2c1-40d0-8566-8edd4d96e9fd,Udon Bird Sanctuary,usr_7c5be7b4-da00-41dd-9b7a-556f2d375cd9,Sarah Duck,https://api.vrchat.cloud/api/1/image/file_55741c63-d30e-409d-bd70-db82fed8059c/4/256
wrld_b5c47aab-a6ff-4240-8033-2995edb00eb6,Aquarius,usr_a8872176-3cd9-48e3-a402-46f1e15092a3,Fins,https://api.vrchat.cloud/api/1/image/file_bac6102a-ebd2-4bf2-a1b0-0510a2c8d9bd/3/256
wrld_53be2298-9e66-4c2c-852b-446e4596f10a,Charlotte's SAKURA Island 桜咲く幸せの島,usr_d364cf3d-3e6b-4d51-adfd-9d66ce5bd6fa,Charlotte（シャル）,https://api.vrchat.cloud/api/1/image/file_f491ffcf-8915-437a-86c2-7bcc74d4d842/2/256
wrld_1f439081-0485-4ec9-9770-649d8e07926c,SaKuRaBARd2nd,usr_884286a0-abe8-44fa-bd85-b081a8556a38,桜月_skr,https://api.vrchat.cloud/api/1/image/file_953f7f46-4464-4237-a5a3-34313a6a903e/2/256
wrld_8b34006f-3111-4faf-980c-c19ffbb5f8db,Starry Night 星ふる夜の水路の街,usr_dbc2e184-6264-4460-abbc-1d60e7b8214e,nek_12,https://api.vrchat.cloud/api/1/image/file_4d1d8556-02bd-4ce5-ae3d-fd6dce972220/4/256
wrld_0c55efd7-8431-431d-b4b2-1fb5c51a7615,Momo's Winter Home,usr_dc7c6a50-db79-4dce-b118-4ee38caf2366,Miu ღ,https://api.vrchat.cloud/api/1/image/file_a36835f9-dcfc-4539-ab8d-5a15ac57b958/2/256
wrld_776a6a37-f307-43f4-aeef-8f151f38dba4,MMD JP Music,usr_67fec3a6-6174-4bad-a1e1-24d0e1c8d303,Aeriiie,https://api.vrchat.cloud/api/1/image/file_29c8cb64-7d63-4835-8d92-ea8dddebae33/14/256
wrld_d8b48301-f025-48c9-9105-a2c84e08faa0,Charlotte's Sunflower Island~ひまわり咲く癒しの港町,usr_d364cf3d-3e6b-4d51-adfd-9d66ce5bd6fa,Charlotte（シャル）,https://api.vrchat.cloud/api/1/image/file_285b8539-9fe6-4179-bd00-17a3f80eb124/4/256
wrld_d0669bbc-979c-4453-9f04-93d50b2cf3d7,夢幻の底へ -The Endless Dream-,usr_454d6b62-995f-405f-ab07-6876a8cb1887,雨降り（あめふり）,https://api.vrchat.cloud/api/1/image/file_952c8c06-1616-4dd7-adef-a90a5029d0fb/5/256
wrld_fae3fa95-bc18-46f0-af57-f0c97c0ca90a,The room of the rain,usr_6cc30b65-edf2-4e49-ac50-d56aa533d822,Ivaj15,https://api.vrchat.cloud/api/1/image/file_e4041df4-ecab-4494-86d6-7debe18ab8b3/5/256
wrld_87840173-7a35-4c9b-b8ff-052a92bdb34b,ケセドの月夜の森-CHESED's MOONLIT FOREST-,usr_090f20e8-dd6f-49cc-b0f1-6bb647e68474,ケセドCHESED,https://api.vrchat.cloud/api/1/image/file_9e35fe5e-1bdc-493c-8676-2fb365b2d26e/2/256
wrld_46eefef5-1907-4d59-9f05-1108cba20455,Aparches MMD World,usr_ec7ccbe4-1a35-4b03-9b3b-e2bb345aa150,Aparche,https://api.vrchat.cloud/api/1/image/file_6f8baa14-04b0-4ca6-97be-06262fa190c7/3/256
wrld_f2a141e2-c7a7-462d-b2ba-321d21b0d261,Kazahana Peak 雪の嵐,usr_0bc82130-1c24-4c42-a8cb-37a8663830c0,smead,https://api.vrchat.cloud/api/1/image/file_0987831b-78fa-4f78-9e97-ef63e12c1bed/1/256
wrld_fdcd43ae-1333-43cf-8d0e-5c923ac00562,Yayoi sakura Incline,usr_ccfa5834-3930-488c-aa6d-4f3ec112c708,猫屋敷やよい,https://api.vrchat.cloud/api/1/image/file_84e143a5-6fa3-4a26-8f23-8e38b68b2657/2/256
wrld_86050202-0db3-4928-9891-98ce56124705,星降りの湖 - Lake of falling star -,usr_52658059-8b08-4379-aab4-ef078a4e6226,tiwa,https://api.vrchat.cloud/api/1/image/file_3046d48f-b7c8-450a-a34c-af26397d2eb0/8/256
wrld_beddab1e-fee1-cafe-f00d-ca7c0dd1eca7,SuRroom,usr_0d262187-c8f4-43f1-b78f-d1618fc9a1c3,citrusxr,https://api.vrchat.cloud/api/1/image/file_0043cc43-931c-4c4e-87a0-2e0e4622d320/3/256
wrld_c02e7709-b0f2-4957-a97d-10b1fd4ac278,星巡りの湖 - Lake of Circling star -,usr_52658059-8b08-4379-aab4-ef078a4e6226,tiwa,https://api.vrchat.cloud/api/1/image/file_449e7992-a90c-400c-af44-cfd8f8b786eb/3/256
wrld_7054fb83-32a8-4414-b1e5-a586f5594c5b,青空さくら電車 Charlotte's SKY Train,usr_d364cf3d-3e6b-4d51-adfd-9d66ce5bd6fa,Charlotte（シャル）,https://api.vrchat.cloud/api/1/image/file_2f728d84-0697-40d8-8ce0-0bba4563a22d/3/256
wrld_0b545803-94db-4268-a7d7-dd5ea3ba1388,雪華温泉 Charlotte's Warm Cottage,usr_d364cf3d-3e6b-4d51-adfd-9d66ce5bd6fa,Charlotte（シャル）,https://api.vrchat.cloud/api/1/image/file_3144672a-56f3-4c43-9ac6-8aa96674d810/2/256
wrld_93f48a85-dfb1-43e5-87c3-bcb6f2fd90cb,Wedge Village2023,usr_d2366ac1-0bd9-494e-bfd3-0d1be49469d6,dee1c,https://api.vrchat.cloud/api/1/image/file_f2ab8395-92a7-4190-88b3-8b4238a6896d/7/256
wrld_f9d784d6-7743-4bed-a851-aa50c562e578,ケセドの崖の温泉宿-CHESED's CLIFF ONSEN-,usr_090f20e8-dd6f-49cc-b0f1-6bb647e68474,ケセドCHESED,https://api.vrchat.cloud/api/1/image/file_b58d0772-b947-46cc-a989-bbf26d6213be/3/256
wrld_57d83d96-57fb-4bed-bca4-ce5d14bd6757,Mirror in the sky,usr_bcf5a255-2f36-478c-9021-829093000628,yu_Hisame,https://api.vrchat.cloud/api/1/image/file_fb9a6669-d102-4edd-8a49-432d08edaa60/4/256
wrld_61157dc0-e74b-483b-b3f3-161d9f5e61e8,Cyberpunk Loft and City,usr_eb5950ba-d427-422a-938c-a9236d3395a8,Coldcancer,https://api.vrchat.cloud/api/1/image/file_043658db-9504-4185-aa17-5da416406509/3/256
wrld_5fcfcc73-aeaa-4743-8a33-86ff880ce982,ウニ塩湖 -UniSaltFlat-,usr_eee161e1-3817-4ace-8cc8-c099cf03e36f,sksim,https://api.vrchat.cloud/api/1/image/file_788e3c8a-b0c8-4d18-a654-a57786cff77c/3/256
wrld_88e3c772-894f-418d-b9e5-96059af3d631,Yayoi Summer Nights,usr_ccfa5834-3930-488c-aa6d-4f3ec112c708,猫屋敷やよい,https://api.vrchat.cloud/api/1/image/file_f6fd9b65-55aa-4d01-8ab5-2607c0b95ef1/1/256